Model Name,RAM,Front Camera,Back Cam Max,Battery Capacity,Launched Price (India)
Mate XT 512GB,12.0,13.0,,5000.0,274999.0
Mate XT 256GB,12.0,13.0,,5000.0,259999.0
Mate X2,8.0,16.0,50.0,4500.0,249999.0
Mate X3,12.0,8.0,,4800.0,249999.0
Mate X6,12.0,8.0,,4800.0,249999.0
Galaxy Z Fold6 1TB,12.0,,50.0,4400.0,200999.0
Mate Xs 2,8.0,10.7,50.0,4600.0,199999.0
iPad Pro 13-inch 2TB,6.0,7.0,,10307.0,199900.0
Pixel 9 Pro Fold 512GB,16.0,10.8,50.0,5500.0,179999.0
iPad Pro 13-inch 1TB,6.0,7.0,,10307.0,179900.0
Galaxy Z Fold6 512GB,12.0,,50.0,4400.0,176999.0
Galaxy Z Fold 5 512GB,12.0,10.0,,4400.0,174900.0
Phantom V Fold2 512GB,12.0,32.0,64.0,5500.0,169999.0
Galaxy Z Fold6 256GB,12.0,,50.0,4400.0,164999.0
Find N3 512GB,12.0,32.0,,4805.0,159999.0
Magic V3,12.0,16.0,50.0,5000.0,159999.0
Magic V2,12.0,16.0,50.0,5000.0,159999.0
iPad Pro 13-inch 512GB,6.0,7.0,,10307.0,159900.0
Galaxy Z Fold 5 256GB,12.0,10.0,,4400.0,154900.0
Galaxy Z Fold 4 512GB,12.0,10.0,,4400.0,154900.0
Mate 60 Pro+,12.0,13.0,,5200.0,149999.0
X200 Pro 512GB,16.0,32.0,200.0,6000.0,149999.0
Magic V,12.0,42.0,50.0,4750.0,149999.0
Magic Vs,12.0,16.0,50.0,5000.0,149999.0
iPhone 12 Pro Max 512GB,6.0,12.0,,3687.0,149900.0
iPhone 13 Pro Max 512GB,6.0,12.0,,4352.0,149900.0
iPhone 14 Pro Max 512GB,8.0,12.0,,4500.0,144999.0
Find X8 Pro 256GB,12.0,32.0,,5000.0,139999.0
X200 Pro 256GB,16.0,32.0,200.0,6000.0,139999.0
iPad Pro 13-inch 256GB,6.0,7.0,,10307.0,139900.0
iPhone 12 Pro Max 256GB,6.0,12.0,,3687.0,139900.0
iPhone 12 Pro 512GB,6.0,12.0,,2815.0,139900.0
iPhone 13 Pro 512GB,6.0,12.0,,3095.0,139900.0
iPhone 13 Pro Max 256GB,6.0,12.0,,4352.0,139900.0
iPhone 14 Pro 512GB,8.0,12.0,,4200.0,134999.0
iPhone 15 Pro Max 512GB,8.0,12.0,,4500.0,134999.0
iPhone 14 Pro Max 256GB,8.0,12.0,,4500.0,134999.0
Galaxy Z Fold 4 256GB,12.0,10.0,,4400.0,134900.0
Magic6 Ultimate,16.0,12.0,50.0,5550.0,129999.0
Magic7 Ultimate,16.0,12.0,50.0,5550.0,129999.0
Xperia 1 VI 256GB,12.0,12.0,48.0,5000.0,129999.0
P50 Pocket,8.0,10.7,40.0,4000.0,129999.0
Pura 70 Ultra,16.0,13.0,,5200.0,129999.0
Mate 60 Pro,12.0,13.0,,5000.0,129999.0
Pixel 9 Pro XL 512GB,16.0,10.8,50.0,5250.0,129999.0
X200 256GB,12.0,32.0,50.0,6000.0,129999.0
iPhone XS Max 512GB,4.0,7.0,,3174.0,129900.0
iPhone 13 Pro 256GB,6.0,12.0,,3095.0,129900.0
iPhone 12 Pro 256GB,6.0,12.0,,2815.0,129900.0
iPhone 12 Pro Max 128GB,6.0,12.0,,3687.0,129900.0
iPhone 11 Pro Max 512GB,4.0,12.0,,3969.0,129900.0
iPhone 13 Pro Max 128GB,6.0,12.0,,4352.0,129900.0
iPhone 16 Pro Max 512GB,8.0,12.0,,4500.0,124999.0
Xperia 1 V 256GB,12.0,12.0,48.0,5000.0,124999.0
iPhone 14 Pro Max 128GB,6.0,12.0,,4500.0,124999.0
iPhone 15 Pro Max 256GB,8.0,12.0,,4500.0,124999.0
Find X8 256GB,8.0,32.0,,4800.0,119999.0
iPhone 15 Pro 512GB,8.0,12.0,,4400.0,119999.0
X200 128GB,12.0,32.0,50.0,6000.0,119999.0
Moto X50 Ultra 512GB,12.0,60.0,200.0,5000.0,119999.0
Edge 50 Ultra 512GB,12.0,60.0,200.0,5000.0,119999.0
Find X7 Ultra 512GB,16.0,32.0,,5000.0,119999.0
Xperia 1 IV 256GB,12.0,12.0,12.0,5000.0,119999.0
P60 Art,812.0,13.0,,5100.0,119999.0
Mate 70 Pro+,12.0,13.0,,5000.0,119999.0
iPhone 14 Pro 256GB,8.0,12.0,,4200.0,119999.0
Magic5 Ultimate,16.0,12.0,50.0,5450.0,119999.0
iPhone XS 512GB,4.0,7.0,,2658.0,119900.0
iPhone 12 Pro 128GB,6.0,12.0,,2815.0,119900.0
iPhone 11 Pro Max 256GB,4.0,12.0,,3969.0,119900.0
iPhone XS Max 256GB,4.0,7.0,,3174.0,119900.0
iPhone 11 Pro 512GB,4.0,12.0,,3046.0,119900.0
iPhone 13 Pro 128GB,6.0,12.0,,3095.0,119900.0
iPad Pro 12.9-inch 512GB,6.0,7.0,,9720.0,119900.0
iPad Pro 13-inch 128GB,6.0,7.0,,10307.0,119900.0
iPhone 15 Pro Max 128GB,6.0,12.0,,4500.0,114999.0
iPhone 16 Pro 512GB,8.0,12.0,,4400.0,114999.0
Pura 70 Pro+,12.0,13.0,,5050.0,114999.0
Galaxy Tab S9 Ultra 256GB,12.0,,,11200.0,114999.0
iPhone 16 Pro Max 256GB,8.0,12.0,,4500.0,114999.0
Galaxy S24 Ultra 256GB,12.0,12.0,,5000.0,114900.0
Mate 60,12.0,13.0,,4750.0,109999.0
Magic6 Pro,12.0,12.0,50.0,5500.0,109999.0
iPhone 14 Pro 128GB,6.0,12.0,,4200.0,109999.0
iPhone 15 Pro 256GB,8.0,12.0,,4400.0,109999.0
X200 Pro Mini 256GB,16.0,32.0,50.0,5700.0,109999.0
Galaxy Tab S8 Ultra 256GB,12.0,,,11200.0,109999.0
iPhone 16 Pro Max 128GB,6.0,12.0,,4500.0,109999.0
Find N3 Flip 256GB,12.0,32.0,,4300.0,109999.0
Pixel 9 Pro 256GB,12.0,10.8,50.0,5050.0,109999.0
Magic7 Pro,12.0,12.0,50.0,5500.0,109999.0
Find X7 512GB,16.0,32.0,,5000.0,109999.0
Find X7 Ultra 256GB,12.0,32.0,,5000.0,109999.0
Xiaomi 15 Pro 1TB,16.0,32.0,,6100.0,109999.0
iPad Pro 11-inch 512GB,6.0,7.0,,7812.0,109900.0
iPad Pro 12.9-inch 256GB,6.0,7.0,,9720.0,109900.0
iPhone 11 Pro 256GB,4.0,12.0,,3046.0,109900.0
iPhone 11 Pro Max 64GB,4.0,12.0,,3969.0,109900.0
Galaxy S23 Ultra 256GB,12.0,12.0,,5000.0,109900.0
iPhone XS Max 64GB,4.0,7.0,,3174.0,109900.0
iPhone XS 256GB,4.0,7.0,,2658.0,109900.0
iPhone 16 Plus 512GB,6.0,12.0,48.0,4200.0,104999.0
Find X6 Pro 512GB,16.0,32.0,,5000.0,104999.0
Mate 70 Pro,12.0,13.0,,5000.0,104999.0
Galaxy Note 20 Ultra 256GB,12.0,10.0,,4500.0,104999.0
iPhone 15 Plus 512GB,6.0,12.0,48.0,4300.0,104999.0
iPhone 16 Pro 256GB,8.0,12.0,,4400.0,104999.0
Galaxy Z Flip 5 512GB,8.0,12.0,,3700.0,104900.0
Galaxy S24 Ultra 128GB,12.0,12.0,,5000.0,104900.0
Galaxy S22 Ultra 256GB,12.0,10.0,,5000.0,104900.0
Galaxy W22 5G 256GB,12.0,10.0,,4500.0,99999.0
Xperia 5 VI 128GB,8.0,12.0,48.0,5000.0,99999.0
P60 Pro,812.0,13.0,,4815.0,99999.0
Find X7 256GB,12.0,32.0,,5000.0,99999.0
Magic5 Pro,12.0,12.0,50.0,5100.0,99999.0
Mate 50 Pro,8.0,13.0,50.0,4700.0,99999.0
Magic4 Ultimate,12.0,12.0,50.0,4600.0,99999.0
Galaxy Tab S9+ 256GB,12.0,12.0,,10090.0,99999.0
iPhone 16 Pro 128GB,6.0,12.0,,4400.0,99999.0
iPhone 15 Pro 128GB,6.0,12.0,,4400.0,99999.0
Pixel 8 Pro 256GB,12.0,10.5,50.0,5050.0,99999.0
Xiaomi 15 Pro 512GB,16.0,32.0,,6100.0,99999.0
Razr 50 Ultra 512GB,12.0,32.0,50.0,4000.0,99999.0
Galaxy Note 20 Ultra 128GB,12.0,10.0,,4500.0,99999.0
Pura 70 Pro,12.0,13.0,,5050.0,99999.0
Find N2 256GB,12.0,32.0,,4520.0,99999.0
Find X5 Pro 512GB,16.0,32.0,,5000.0,99999.0
Galaxy S23 Ultra 128GB,12.0,12.0,,5000.0,99900.0
iPhone XS 64GB,4.0,7.0,,2658.0,99900.0
iPhone 11 Pro 64GB,4.0,12.0,,3046.0,99900.0
Galaxy S24+ 256GB,8.0,12.0,,4800.0,99900.0
iPhone X 256GB,3.0,7.0,,2716.0,99900.0
Find N2 Flip 512GB,12.0,32.0,,4300.0,94999.0
Xperia 5 V 128GB,8.0,12.0,48.0,5000.0,94999.0
Xiaomi 14T Pro 1TB,12.0,32.0,,5000.0,94999.0
iPhone 14 Plus 512GB,6.0,12.0,,4325.0,94999.0
Xiaomi 14 Pro 512GB,12.0,32.0,,5000.0,94999.0
Galaxy Tab S8+ 256GB,8.0,12.0,,10090.0,94999.0
iPhone 16 Plus 256GB,6.0,12.0,48.0,4200.0,94999.0
iPhone 15 Plus 256GB,6.0,12.0,48.0,4300.0,94999.0
Find X6 Pro 256GB,12.0,32.0,,5000.0,94999.0
Find X6 512GB,16.0,32.0,,4800.0,94999.0
iPhone 12 256GB,4.0,12.0,,2815.0,94900.0
Galaxy Z Flip 4 512GB,8.0,10.0,,3700.0,94900.0
Galaxy S22 Ultra 128GB,12.0,10.0,,5000.0,94900.0
Galaxy Z Flip 5 256GB,8.0,12.0,,3700.0,94900.0
iPad Pro 12.9-inch 128GB,6.0,7.0,,9720.0,94900.0
iPhone 13 512GB,4.0,12.0,,3240.0,94900.0
Xiaomi 15 Pro 256GB,12.0,32.0,,6100.0,89999.0
Magic6,8.0,12.0,50.0,5200.0,89999.0
Magic7,8.0,12.0,50.0,5200.0,89999.0
iPhone 16 Plus 128GB,6.0,12.0,48.0,4200.0,89999.0
iPhone 16 512GB,6.0,12.0,48.0,3600.0,89999.0
Mate 70,12.0,13.0,,4900.0,89999.0
Camon 30 Premier 512GB,12.0,50.0,108.0,5200.0,89999.0
Xperia 5 IV 128GB,8.0,12.0,12.0,5000.0,89999.0
iPhone 15 512GB,6.0,12.0,48.0,3200.0,89999.0
Find X5 Pro 256GB,12.0,32.0,,5000.0,89999.0
Galaxy Note 20 256GB,8.0,10.0,,4300.0,89999.0
Pixel 7 Pro 256GB,12.0,10.8,50.0,5000.0,89999.0
Galaxy W21 5G 256GB,12.0,10.0,,4500.0,89999.0
Xiaomi 15 512GB,16.0,32.0,,5400.0,89999.0
iPhone X 64GB,3.0,7.0,,2716.0,89900.0
iPad Pro 11-inch 256GB,4.0,7.0,,7812.0,89900.0
Galaxy S24+ 128GB,8.0,12.0,,4800.0,89900.0
Galaxy S24 256GB,8.0,12.0,,4000.0,89900.0
Galaxy S23+ 256GB,8.0,12.0,,4700.0,89900.0
Galaxy S22+ 256GB,8.0,10.0,,4500.0,89900.0
Galaxy Tab S9 128GB,8.0,12.0,13.0,8400.0,85999.0
iPhone 16 256GB,6.0,12.0,48.0,3600.0,84999.0
Galaxy Note 10+ 512GB,12.0,10.0,,4300.0,84999.0
iPhone 15 Plus 128GB,6.0,12.0,48.0,4300.0,84999.0
Pad GT Pro,12.0,12.0,16.0,10500.0,84999.0
Xiaomi 14T Pro 512GB,12.0,32.0,,5000.0,84999.0
iPhone 14 Plus 256GB,6.0,12.0,,4325.0,84999.0
Magic3 Pro+,12.0,13.0,50.0,4600.0,84999.0
Magic4 Pro,8.0,12.0,50.0,4600.0,84999.0
Mate 50,8.0,13.0,50.0,4460.0,84999.0
Find X6 256GB,12.0,32.0,,4800.0,84999.0
iPhone 14 512GB,6.0,12.0,,3200.0,84999.0
Xiaomi 14 512GB,12.0,32.0,,4610.0,84999.0
Pura 70,12.0,13.0,,4900.0,84999.0
Find N2 Flip 256GB,8.0,32.0,,4300.0,84999.0
P60,8.0,13.0,,4815.0,84999.0
Xiaomi 14 Pro 256GB,12.0,32.0,,5000.0,84999.0
iPhone 12 128GB,4.0,12.0,,2815.0,84900.0
Galaxy Z Flip 4 256GB,8.0,10.0,,3700.0,84900.0
iPhone 13 256GB,4.0,12.0,,3240.0,84900.0
iPhone 12 mini 256GB,4.0,12.0,12.0,2227.0,84900.0
iPhone 13 mini 512GB,4.0,12.0,12.0,2438.0,84900.0
iPhone 11 256GB,4.0,12.0,,3110.0,84900.0
iPhone XR 256GB,3.0,7.0,,2942.0,84900.0
iPhone 16 128GB,6.0,12.0,48.0,3600.0,79999.0
Camon 20s Pro 5G 512GB,12.0,50.0,108.0,5200.0,79999.0
iPhone 14 Plus 128GB,6.0,12.0,,4325.0,79999.0
Magic5,8.0,12.0,50.0,5100.0,79999.0
Camon 30S Pro 512GB,12.0,50.0,108.0,5200.0,79999.0
X90 Pro 512GB,12.0,32.0,50.0,4870.0,79999.0
Xiaomi 14T 512GB,12.0,32.0,,5000.0,79999.0
Xiaomi 15 256GB,12.0,32.0,,5400.0,79999.0
Pixel 6 Pro 256GB,12.0,11.1,50.0,5003.0,79999.0
Pova 6 Pro 512GB,12.0,32.0,64.0,6000.0,79999.0
Find X5 256GB,8.0,32.0,,4800.0,79999.0
Phantom V Flip2 256GB,8.0,32.0,50.0,4300.0,79999.0
P50 Pro,8.0,13.0,50.0,4360.0,79999.0
Razr 50 256GB,8.0,32.0,50.0,3800.0,79999.0
iPhone 15 256GB,6.0,12.0,48.0,3200.0,79999.0
Galaxy S22 256GB,8.0,10.0,,3800.0,79900.0
Galaxy S23 256GB,8.0,12.0,,3900.0,79900.0
Galaxy S22+ 128GB,8.0,10.0,,4500.0,79900.0
Galaxy S23+ 128GB,8.0,12.0,,4700.0,79900.0
Galaxy S24 128GB,8.0,12.0,,4000.0,79900.0
Galaxy Note 20 128GB,8.0,10.0,,4300.0,77999.0
Galaxy Note 10+ 256GB,12.0,10.0,,4300.0,74999.0
iPhone 15 128GB,6.0,12.0,48.0,3200.0,74999.0
Xiaomi 14 256GB,12.0,32.0,,4610.0,74999.0
Xiaomi 14T Pro 256GB,12.0,32.0,,5000.0,74999.0
Galaxy Tab S8 128GB,8.0,12.0,,8000.0,74999.0
OnePlus 11T 128GB,12.0,32.0,,5000.0,74999.0
OnePlus Open 256GB,16.0,32.0,,4800.0,74999.0
Camon 20 Premier 512GB,12.0,50.0,108.0,5200.0,74999.0
Magic3 Pro,8.0,13.0,50.0,4600.0,74999.0
Pixel 9 128GB,8.0,10.8,50.0,4600.0,74999.0
OnePlus 12 256GB,12.0,32.0,,5000.0,74999.0
iPhone 14 256GB,6.0,12.0,,3200.0,74999.0
OnePlus 11 Pro 256GB,16.0,32.0,,5000.0,74999.0
MagicPad 2,16.0,12.0,16.0,10500.0,74999.0
OnePlus 13R 128GB,8.0,16.0,,4500.0,74999.0
OnePlus 13 Pro 256GB,12.0,32.0,,5000.0,74999.0
OnePlus 12T 5G 256GB,12.0,16.0,,5000.0,74999.0
OnePlus 15R 128GB,12.0,32.0,,5000.0,74999.0
iPhone 12 64GB,4.0,12.0,,2815.0,74900.0
iPhone 13 mini 256GB,4.0,12.0,12.0,2438.0,74900.0
iPhone 11 128GB,4.0,12.0,,3110.0,74900.0
iPhone XR 128GB,3.0,7.0,,2942.0,74900.0
iPhone 13 128GB,4.0,12.0,,3240.0,74900.0
iPhone 12 mini 128GB,4.0,12.0,12.0,2227.0,74900.0
Magic4,8.0,12.0,50.0,4800.0,72999.0
iPad Pro 11-inch 128GB,4.0,7.0,,7812.0,71900.0
Reno13 Pro 512GB,12.0,50.0,,5800.0,69999.0
iPhone 14 128GB,6.0,12.0,,3200.0,69999.0
OnePlus 14+ 128GB,8.0,16.0,,4800.0,69999.0
Mate 40E,8.0,13.0,64.0,4200.0,69999.0
Xiaomi 14T 256GB,12.0,32.0,,5000.0,69999.0
Pixel 8 128GB,8.0,10.5,50.0,4575.0,69999.0
Pad 3 Pro 512GB,16.0,8.0,13.0,9510.0,69999.0
Pixel 4 XL 64GB,6.0,8.0,,3700.0,69999.0
OnePlus 7T Pro 5G McLaren Edition 256GB,12.0,16.0,,4085.0,69999.0
80 Pro,12.0,50.0,160.0,4800.0,69999.0
70 Pro+,12.0,50.0,54.0,4500.0,69999.0
OnePlus Pad Pro,12.0,16.0,50.0,11000.0,69999.0
X90 Pro 256GB,12.0,32.0,50.0,4870.0,69999.0
X80 512GB,12.0,32.0,50.0,4700.0,69999.0
iPhone 13 mini 128GB,4.0,12.0,12.0,2438.0,69900.0
iPhone 12 mini 64GB,4.0,12.0,12.0,2227.0,69900.0
Galaxy S23 128GB,8.0,12.0,,3900.0,69900.0
Galaxy S22 128GB,8.0,10.0,,3800.0,69900.0
Nova 13 Pro 512GB,8.0,,,4600.0,67999.0
GT 7 Pro 256GB,16.0,16.0,,6500.0,65999.0
Galaxy Tab Active 4 Pro 128GB,6.0,8.0,13.0,7600.0,64999.0
Galaxy Note 10 256GB,8.0,10.0,,3500.0,64999.0
Reno12 Pro 512GB,12.0,32.0,,4600.0,64999.0
Razr 256GB,12.0,32.0,50.0,3500.0,64999.0
90 Pro,12.0,50.0,200.0,5000.0,64999.0
Pixel 7 128GB,8.0,10.8,50.0,4355.0,64999.0
MagicPad 13,12.0,8.0,13.0,10000.0,64999.0
OnePlus 10 Pro 256GB,12.0,32.0,,5000.0,64999.0
iQOO 12 256GB,16.0,16.0,50.0,5000.0,64999.0
Magic3,8.0,13.0,50.0,4600.0,64999.0
MagicPad 3,12.0,12.0,16.0,10500.0,64999.0
Camon 30 Pro 512GB,12.0,50.0,64.0,5200.0,64999.0
Nova 11 Ultra,12.0,,,4500.0,64999.0
K12 Plus 512GB,12.0,16.0,50.0,6400.0,64999.0
iPad Air 10.9-inch 256GB,4.0,12.0,12.0,7608.0,64900.0
iPhone 11 64GB,4.0,12.0,,3110.0,64900.0
iPhone XR 64GB,3.0,7.0,,2942.0,64900.0
S18 Pro 256GB,12.0,32.0,108.0,4700.0,59999.0
Galaxy Note 10 128GB,8.0,10.0,,3500.0,59999.0
Razr 128GB,8.0,32.0,50.0,3500.0,59999.0
X80 256GB,12.0,32.0,50.0,4700.0,59999.0
70 Pro,8.0,50.0,54.0,4500.0,59999.0
Reno11 Pro 512GB,12.0,32.0,,4600.0,59999.0
OnePlus 7 Pro 5G 256GB,12.0,16.0,,4000.0,59999.0
Nova 13 Pro 256GB,8.0,,,4600.0,59999.0
Camon 20s Pro 256GB,12.0,50.0,108.0,5200.0,59999.0
OnePlus 8 Pro McLaren Edition 256GB,12.0,16.0,,4510.0,59999.0
OnePlus 9 Pro 256GB,12.0,16.0,,4500.0,59999.0
K12 Plus 256GB,8.0,16.0,50.0,6400.0,59999.0
Pixel 6 128GB,8.0,8.0,50.0,4614.0,59999.0
Pixel 4 64GB,6.0,8.0,,2800.0,59999.0
Legion Y70 512GB,16.0,16.0,50.0,5100.0,59999.0
Xperia 10 VI 128GB,6.0,8.0,48.0,5000.0,59999.0
P50,8.0,13.0,50.0,4100.0,59999.0
Pad 3 256GB,12.0,8.0,13.0,9510.0,59999.0
GT 7 Pro 128GB,12.0,16.0,,6500.0,59999.0
OnePlus 8T Cyberpunk Edition 256GB,12.0,16.0,,4500.0,58999.0
MatePad Pro 13.2 512GB,12.0,16.0,,10100.0,58590.0
Pad 3 Pro 256GB,10.0,8.0,31.5,8775.0,55499.0
X30 Pro 256GB,8.0,32.0,64.0,4200.0,54999.0
Galaxy Tab Active 5 128GB,6.0,5.0,13.0,5050.0,54999.0
Reno13 256GB,12.0,50.0,,5600.0,54999.0
Reno10 Pro+ 5G 256GB,16.0,32.0,,4700.0,54999.0
90,12.0,50.0,200.0,5000.0,54999.0
OnePlus 11 256GB,12.0,16.0,,5000.0,54999.0
Nova 11 Pro,8.0,,,4500.0,54999.0
Nova 12 Pro,8.0,,,4500.0,54999.0
OnePlus 10T 256GB,12.0,16.0,,4500.0,54999.0
Nova 13 512GB,8.0,50.0,,4600.0,54999.0
Edge 30 Fusion 256GB,12.0,32.0,50.0,4400.0,54999.0
OnePlus 8 Pro 256GB,12.0,16.0,,4510.0,54999.0
A5 Pro 512GB,12.0,16.0,,6000.0,54999.0
OnePlus 10T 5G 256GB,12.0,16.0,,4500.0,54999.0
Pad V10,8.0,8.0,13.0,8500.0,54999.0
Pad V9,8.0,8.0,13.0,8500.0,54999.0
Legion Y70 256GB,12.0,16.0,50.0,5100.0,54999.0
Pova 5G 512GB,8.0,32.0,50.0,6000.0,54999.0
P50E,8.0,13.0,50.0,4100.0,54999.0
Xperia 10 V 128GB,6.0,8.0,48.0,5000.0,54999.0
Pad V8 Pro,8.0,8.0,13.0,8500.0,54999.0
F27 Pro+ 512GB,12.0,32.0,,5000.0,54999.0
iPad Air 10.9-inch 64GB,4.0,12.0,12.0,7608.0,54900.0
GT 7 256GB,12.0,16.0,,5200.0,53999.0
Reno9 Pro+ 5G 256GB,16.0,32.0,,4700.0,52999.0
OnePlus 6T McLaren Edition 256GB,10.0,16.0,,3700.0,50999.0
Reno12 256GB,8.0,32.0,,5000.0,49999.0
Reno6 Pro+ 5G 256GB,12.0,32.0,,4500.0,49999.0
Galaxy Tab S9 FE 128GB,6.0,12.0,8.0,8000.0,49999.0
Pad 4 Pro 256GB,8.0,8.0,50.0,8040.0,49999.0
F27 Pro+ 256GB,8.0,32.0,,5000.0,49999.0
Edge 512GB,12.0,32.0,50.0,4700.0,49999.0
V30 Pro 128GB,12.0,32.0,64.0,4500.0,49999.0
X60 Pro 512GB,12.0,32.0,48.0,4200.0,49999.0
Nova 10 Pro,8.0,,50.0,4500.0,49999.0
OnePlus 10R 128GB,8.0,16.0,,4500.0,49999.0
OnePlus 12R 256GB,12.0,16.0,,4500.0,49999.0
Pad 2 Pro 256GB,8.0,8.0,50.0,8040.0,49999.0
Edge 50 512GB,12.0,32.0,50.0,4700.0,49999.0
A5 Pro 256GB,8.0,16.0,,6000.0,49999.0
Legion Y70 128GB,8.0,16.0,50.0,5100.0,49999.0
Xperia 10 IV 128GB,6.0,8.0,12.0,5000.0,49999.0
Pixel 8a 128GB,8.0,10.5,64.0,4385.0,49999.0
Pad Neo 256GB,8.0,8.0,13.0,8360.0,49999.0
Pixel 5 128GB,8.0,8.0,,4080.0,49999.0
60 Pro,8.0,50.0,108.0,4800.0,49999.0
OnePlus 9T 128GB,8.0,16.0,,4500.0,49999.0
Edge 30 Fusion 128GB,8.0,32.0,50.0,4400.0,49999.0
MatePad Pro 12.2 512GB,12.0,16.0,,10100.0,49990.0
iPad Mini 7.9-inch 256GB,3.0,7.0,8.0,5124.0,49900.0
F27 256GB,8.0,32.0,,5000.0,47999.0
X30 Pro 128GB,8.0,32.0,64.0,4200.0,47999.0
Nova 13 256GB,8.0,50.0,,4600.0,47999.0
GT 7 128GB,8.0,16.0,,5200.0,47999.0
80,8.0,32.0,160.0,4800.0,46999.0
70,8.0,32.0,54.0,4800.0,46999.0
Reno8 Pro+ 5G 256GB,12.0,32.0,,4500.0,46999.0
30 Pro+,12.0,32.0,50.0,4000.0,45999.0
OnePlus 8T Cyberpunk 2077 Edition 256GB,12.0,16.0,,4500.0,45999.0
Reno10 Pro 5G 256GB,12.0,32.0,,4600.0,44999.0
X70 Pro 256GB,8.0,32.0,50.0,4450.0,44999.0
V40e 128GB,8.0,44.0,64.0,4100.0,44999.0
Reno6 Pro 5G 256GB,12.0,32.0,,4500.0,44999.0
Galaxy Tab Active 3 64GB,4.0,5.0,13.0,5050.0,44999.0
Tablet V7 Pro,8.0,8.0,13.0,7250.0,44999.0
Reno5 Pro+ 5G 256GB,12.0,32.0,,4500.0,44999.0
Reno13 F 256GB,8.0,32.0,,5800.0,44999.0
X60 Pro 256GB,12.0,32.0,48.0,4200.0,44999.0
Reno11 F 256GB,8.0,32.0,,5000.0,44999.0
Nova 11,8.0,60.0,,4500.0,44999.0
Nova 12,8.0,60.0,,4500.0,44999.0
50 Pro,8.0,32.0,108.0,4000.0,44999.0
OnePlus 11R 256GB,12.0,16.0,,5000.0,44999.0
Reno13 F 4G 256GB,8.0,32.0,,5800.0,44999.0
F27 128GB,8.0,32.0,,5000.0,44999.0
Pad 3 128GB,7.0,8.0,13.0,8775.0,44999.0
OnePlus Pad 2,8.0,8.0,13.0,9510.0,44999.0
Pad Neo 128GB,6.0,8.0,13.0,8360.0,44999.0
Pixel 3a XL 64GB,4.0,8.0,,3700.0,44999.0
Pixel 7a 128GB,8.0,10.8,64.0,4385.0,44999.0
Z6 Pro 256GB,8.0,32.0,48.0,4000.0,44999.0
Pad 9 Pro,12.0,8.0,13.0,9000.0,44999.0
F6 Pro 256GB,8.0,20.0,108.0,5160.0,44999.0
F25 Pro 256GB,8.0,32.0,,4500.0,44999.0
Edge 256GB,8.0,32.0,50.0,4700.0,44999.0
Nova 9 Pro,8.0,,50.0,4000.0,44999.0
Edge 50 Neo 512GB,12.0,32.0,50.0,4310.0,44999.0
A80 256GB,8.0,8.0,,5100.0,44999.0
Edge 50 256GB,8.0,32.0,50.0,4700.0,44999.0
Pixel 6a 128GB,6.0,8.0,,4410.0,43999.0
Reno10 5G 256GB,8.0,32.0,,5000.0,42999.0
Reno9 Pro 5G 256GB,16.0,32.0,,4500.0,42999.0
Reno8 Pro 5G 256GB,12.0,32.0,,4500.0,42999.0
OnePlus 8T 256GB,12.0,16.0,,4500.0,42999.0
Pixel 5a 128GB,6.0,8.0,,4680.0,42999.0
F25 Pro 128GB,8.0,32.0,,4500.0,42999.0
A60 256GB,8.0,8.0,,5000.0,42999.0
GT 6 512GB,16.0,32.0,,5500.0,41999.0
OnePlus 8 128GB,8.0,16.0,,4300.0,41999.0
60,8.0,32.0,108.0,4800.0,41999.0
OnePlus 8R 128GB,8.0,16.0,,4300.0,41999.0
A3x 4G 256GB,6.0,8.0,,5100.0,39999.0
A60 128GB,8.0,8.0,,5000.0,39999.0
Edge 50 Neo 256GB,8.0,32.0,50.0,4310.0,39999.0
Camon 30 5G 256GB,8.0,32.0,50.0,5000.0,39999.0
Camon 20 Pro 5G 256GB,8.0,32.0,50.0,5000.0,39999.0
A3x 256GB,6.0,8.0,,5100.0,39999.0
Edge 30 Neo 256GB,8.0,32.0,64.0,4020.0,39999.0
F4 GT 128GB,8.0,20.0,64.0,4700.0,39999.0
Edge 50 Pro 256GB,12.0,50.0,50.0,4500.0,39999.0
F5 Pro 256GB,8.0,20.0,64.0,5160.0,39999.0
Nova 10,8.0,60.0,50.0,4000.0,39999.0
Camon 30S 256GB,8.0,32.0,50.0,5200.0,39999.0
Z6 Pro 128GB,6.0,32.0,48.0,4000.0,39999.0
30 Pro,8.0,32.0,50.0,4000.0,39999.0
Pad V8,6.0,5.0,13.0,7250.0,39999.0
Reno7 Pro 5G 256GB,12.0,32.0,,4500.0,39999.0
Reno6 Pro 5G 128GB,8.0,32.0,,4500.0,39999.0
Reno4 Pro 5G 256GB,12.0,32.0,,4000.0,39999.0
OnePlus Pad,8.0,8.0,13.0,9510.0,39999.0
Reno12 F 4G 256GB,8.0,32.0,,5000.0,39999.0
Reno12 F 256GB,8.0,32.0,,5000.0,39999.0
Pad X10 Pro,8.0,8.0,13.0,9000.0,39999.0
Pixel 3a 64GB,4.0,8.0,,3000.0,39999.0
OnePlus 9 128GB,8.0,16.0,,4500.0,39999.0
OnePlus 9R 5G 128GB,8.0,16.0,,4500.0,39999.0
Moto G75 5G 256GB,8.0,16.0,50.0,5000.0,39999.0
X70 Pro 128GB,8.0,32.0,50.0,4450.0,39999.0
GT 6 256GB,12.0,32.0,,5500.0,39999.0
Y200 GT 128GB,12.0,16.0,64.0,5000.0,39999.0
Xpad Pro,12.0,32.0,50.0,9000.0,39999.0
X27 Pro 256GB,8.0,32.0,48.0,4000.0,39990.0
iPad Mini 7.9-inch 64GB,3.0,7.0,8.0,5124.0,39900.0
iPad 10.2-inch 128GB,3.0,12.0,8.0,8612.0,39900.0
Reno10 5G 128GB,8.0,32.0,,5000.0,38999.0
OnePlus 7R 128GB,6.0,16.0,,3700.0,38999.0
Pad 2 256GB,8.0,8.0,36.0,8146.666666666667,38665.666666666664
Nova 9,8.0,32.0,50.0,4300.0,37999.0
Pixel 4a 5G 128GB,6.0,8.0,,3885.0,37999.0
50,8.0,32.0,108.0,4300.0,37999.0
V40,8.0,16.0,50.0,4000.0,37999.0
GT 6 128GB,8.0,32.0,,5500.0,37999.0
OnePlus 6 Special Edition 128GB,6.0,16.0,,3300.0,37999.0
V27 Pro 256GB,8.0,50.0,50.0,4600.0,37999.0
F2 Pro 128GB,6.0,20.0,64.0,4700.0,37999.0
13 Pro+ 5G 512GB,16.0,32.0,,5500.0,36999.0
A3x 128GB,4.0,8.0,,5100.0,36999.0
Neo 7 256GB,12.0,16.0,,5000.0,36999.0
14 Pro+ 5G 512GB,12.0,16.0,,6000.0,36999.0
Reno5 Pro 5G 256GB,12.0,32.0,,4350.0,36999.0
Reno9 5G 256GB,12.0,32.0,,4500.0,36999.0
A3x 4G 128GB,4.0,8.0,,5100.0,36999.0
OnePlus 5 Special Edition 128GB,8.0,16.0,,3300.0,36999.0
Redmi Note 14 Pro+ 5G 512GB,16.0,16.0,,5110.0,35999.0
X30 Max,8.0,8.0,64.0,5000.0,35999.0
P2 Pro 5G 256GB,12.0,24.0,,5300.0,35999.0
X27 Pro 128GB,8.0,32.0,48.0,4000.0,35990.0
A3 4G 128GB,4.0,5.0,50.0,5000.0,34999.0
13 Pro+ 5G 256GB,12.0,32.0,,5500.0,34999.0
A3 128GB,4.0,5.0,50.0,5000.0,34999.0
Edge 30 Neo 128GB,6.0,32.0,64.0,4020.0,34999.0
Edge 50 Fusion 256GB,12.0,32.0,50.0,5000.0,34999.0
Camon 20s 256GB,8.0,32.0,50.0,5000.0,34999.0
Edge 50 Pro 128GB,8.0,50.0,50.0,4500.0,34999.0
14 Pro+ 5G 256GB,12.0,16.0,,6000.0,34999.0
Nova 10 SE,8.0,16.0,108.0,4500.0,34999.0
F6 128GB,6.0,20.0,64.0,5000.0,34999.0
Moto G75 5G 128GB,8.0,16.0,50.0,5000.0,34999.0
Reno8 5G 256GB,12.0,32.0,,4500.0,34999.0
Reno3 Pro 5G 256GB,12.0,32.0,,4025.0,34999.0
80 SE,8.0,32.0,64.0,4600.0,34999.0
P2 Pro 5G 512GB,16.0,32.0,,5500.0,34999.0
Tablet V7,6.0,8.0,13.0,7250.0,34999.0
V27 Pro 128GB,8.0,50.0,50.0,4600.0,34999.0
Moto G85 256GB,12.0,32.0,50.0,5000.0,34999.0
OnePlus 5T Star Wars Edition 128GB,6.0,16.0,,3300.0,34999.0
OnePlus Nord 3 256GB,12.0,16.0,,5000.0,34999.0
T3 5G 128GB,8.0,16.0,50.0,5000.0,34999.0
Pad 9,8.0,8.0,13.0,8300.0,34999.0
90 SE,8.0,32.0,64.0,4600.0,34999.0
Moto S50 256GB,12.0,32.0,64.0,4500.0,34999.0
Pad X 128GB,6.0,8.0,13.0,8340.0,33999.0
V17 Pro 256GB,8.0,32.0,48.0,4100.0,33990.0
Note 40 Racing Edition,12.0,32.0,108.0,5500.0,32999.0
GT 20 Pro,12.0,32.0,108.0,5500.0,32999.0
Zero Flip,8.0,32.0,108.0,4500.0,32999.0
GT 10 Pro 256GB,8.0,32.0,108.0,5000.0,32999.0
Galaxy A54 256GB,6.0,32.0,,5000.0,32999.0
Reno9 5G 128GB,8.0,32.0,,4500.0,32999.0
V23 5G 256GB,8.0,50.0,64.0,4200.0,32999.0
V27 256GB,8.0,50.0,50.0,4600.0,32999.0
Reno5 Pro 5G 128GB,8.0,32.0,,4350.0,32999.0
Redmi Note 14 Pro+ 5G 256GB,12.0,16.0,,5110.0,32999.0
Reno7 5G 256GB,12.0,32.0,,4500.0,32999.0
Reno6 5G 256GB,12.0,32.0,,4300.0,32999.0
P2 Pro 5G 128GB,8.0,16.0,,5100.0,32999.0
Galaxy C9 Pro 64GB,6.0,16.0,,4000.0,32990.0
14 Pro 5G 256GB,8.0,16.0,,5800.0,31999.0
Pixel 4a 128GB,6.0,8.0,,3140.0,31999.0
Pad Air 128GB,6.0,8.0,13.0,8040.0,31999.0
Pad 128GB,6.0,8.0,11.333333333333334,7726.666666666667,31999.0
V19 256GB,8.0,32.0,48.0,4500.0,31990.0
Neo 7 128GB,8.0,16.0,,5000.0,30999.0
Redmi Note 14 Pro 5G 256GB,12.0,16.0,,5500.0,30999.0
GT 6T 256GB,8.0,32.0,,5500.0,30999.0
Camon 30 128GB,6.0,32.0,50.0,5000.0,29999.0
Camon 20 128GB,6.0,32.0,50.0,5000.0,29999.0
Edge 50 Lite 256GB,8.0,32.0,64.0,5000.0,29999.0
13 Pro 5G 256GB,12.0,16.0,,5200.0,29999.0
Moto S50 128GB,8.0,32.0,64.0,4500.0,29999.0
50 SE,8.0,16.0,108.0,4000.0,29999.0
14 Pro 5G 128GB,8.0,16.0,,5800.0,29999.0
30,8.0,32.0,40.0,4000.0,29999.0
S50 Neo 512GB,12.0,32.0,50.0,4300.0,29999.0
Reno8 5G 128GB,8.0,32.0,,4500.0,29999.0
Play 4 Pro,8.0,32.0,40.0,4200.0,29999.0
Reno6 5G 128GB,8.0,32.0,,4300.0,29999.0
60 SE,8.0,16.0,64.0,4300.0,29999.0
Camon 20 Pro 128GB,6.0,32.0,50.0,5000.0,29999.0
Y100 5G 128GB,8.0,16.0,64.0,4500.0,29999.0
Edge 50 Fusion 128GB,8.0,32.0,50.0,5000.0,29999.0
Xpad 5G,8.0,16.0,50.0,8000.0,29999.0
Moto G85 128GB,8.0,32.0,50.0,5000.0,29999.0
Pad X 64GB,4.0,8.0,13.0,8340.0,29999.0
V27 128GB,8.0,50.0,50.0,4600.0,29999.0
Pad X10,6.0,5.0,8.0,8850.0,29999.0
F5 128GB,6.0,16.0,64.0,5000.0,29999.0
F3 128GB,6.0,20.0,48.0,4520.0,29999.0
Moto G55 256GB,8.0,16.0,50.0,5000.0,29999.0
V25 Pro 256GB,8.0,32.0,64.0,4830.0,29999.0
V20 Pro 256GB,8.0,44.0,64.0,4000.0,29999.0
Pad X9 Pro,8.0,8.0,13.0,8000.0,29999.0
V15 Pro 256GB,6.0,32.0,48.0,3700.0,29999.0
Moto G Stylus 5G 512GB,8.0,16.0,50.0,5000.0,29999.0
Redmi Note 14 Pro+ 5G 128GB,8.0,16.0,,5110.0,29999.0
Megapad 11 256GB,8.0,13.0,50.0,8000.0,29999.0
Reno5 5G 256GB,12.0,32.0,,4300.0,29999.0
Moto G82 5G 256GB,8.0,16.0,50.0,5000.0,29999.0
Zero 30 5G 256GB,12.0,50.0,108.0,5000.0,29999.0
Pova 6 Neo 5G 256GB,8.0,16.0,50.0,6000.0,29999.0
iPad 10.2-inch 32GB,3.0,12.0,8.0,8612.0,29900.0
X50,6.0,8.0,108.0,5800.0,28999.0
Galaxy Xcover 6 Pro 128GB,6.0,13.0,50.0,4050.0,28999.0
Reno7 5G 128GB,8.0,32.0,,4500.0,28999.0
OnePlus Nord 2T 128GB,8.0,32.0,,4500.0,28999.0
X60,6.0,8.0,108.0,5800.0,28999.0
GT 6T 128GB,8.0,32.0,,5500.0,28756.0
Redmi Note 14 Pro 5G 128GB,8.0,16.0,,5500.0,27999.0
Pad 2 128GB,6.0,8.0,8.0,8360.0,27999.0
13 Pro 5G 128GB,8.0,16.0,,5200.0,27999.0
Edge 50 Lite 128GB,6.0,32.0,64.0,5000.0,27999.0
Note 40 Pro 5G,12.0,32.0,108.0,5300.0,27999.0
OnePlus Nord 2 128GB,8.0,32.0,,4500.0,27999.0
K9 Pro 5G 256GB,12.0,16.0,,4500.0,27999.0
Galaxy A34 256GB,6.0,13.0,,5000.0,27999.0
F4 128GB,6.0,20.0,64.0,4500.0,27999.0
Zero 40 5G,12.0,50.0,108.0,5000.0,27999.0
X7 Pro 256GB,8.0,20.0,108.0,6000.0,27999.0
OnePlus Nord 2 5G 128GB,8.0,32.0,,4500.0,27999.0
Galaxy A54 128GB,6.0,32.0,,5000.0,27999.0
X30,6.0,16.0,48.0,4800.0,27999.0
V23 5G 128GB,8.0,50.0,64.0,4200.0,27999.0
Redmi Note 14 Pro 4G 256GB,8.0,16.0,,5000.0,27999.0
V19 128GB,8.0,32.0,48.0,4500.0,27990.0
V17 Pro 128GB,8.0,32.0,48.0,4100.0,27990.0
14x 5G 256GB,8.0,16.0,,5500.0,26999.0
Moto G55 128GB,8.0,16.0,50.0,5000.0,26999.0
Moto G45 256GB,8.0,16.0,50.0,5000.0,26999.0
Zero 30 256GB,8.0,50.0,108.0,5000.0,26999.0
X40,6.0,8.0,50.0,5100.0,26999.0
Galaxy M54 256GB,8.0,32.0,,6000.0,26999.0
Galaxy F54 256GB,8.0,32.0,,6000.0,26999.0
Moto G Stylus 5G 256GB,6.0,16.0,50.0,5000.0,26999.0
S50 Neo 256GB,8.0,32.0,50.0,4300.0,26999.0
Reno5 5G 128GB,8.0,32.0,,4300.0,26999.0
Reno4 5G 256GB,8.0,32.0,,4000.0,26999.0
Reno3 5G 256GB,12.0,32.0,,4025.0,26999.0
V15 256GB,6.0,32.0,48.0,4000.0,26990.0
F3 GT 128GB,6.0,16.0,64.0,5065.0,25999.0
Y75 5G 256GB,8.0,16.0,50.0,5000.0,25999.0
Pad 5G 256GB,8.0,8.0,8.0,10000.0,25999.0
X10 Max,8.0,8.0,48.0,5000.0,25999.0
V15 Pro 128GB,6.0,32.0,48.0,3700.0,25999.0
X20,6.0,16.0,64.0,4300.0,25999.0
V20 Pro 128GB,8.0,44.0,64.0,4000.0,25999.0
V25 Pro 128GB,8.0,32.0,64.0,4830.0,25999.0
OnePlus Nord X 128GB,8.0,32.0,,4000.0,24999.0
Redmi Note 14 5G 256GB,8.0,16.0,,5000.0,24999.0
Zero 40,12.0,50.0,108.0,5000.0,24999.0
Pad 8,6.0,5.0,5.0,7250.0,24999.0
Redmi Note 14 Pro 4G 128GB,6.0,16.0,,5000.0,24999.0
Reno4 5G 128GB,8.0,32.0,,4000.0,24999.0
Megapad 128GB,6.0,12.0,50.0,7500.0,24999.0
P1 Pro 5G 256GB,12.0,16.0,,5200.0,24999.0
Hot 50 Pro+,12.0,32.0,108.0,5300.0,24999.0
OnePlus Nord CE 5G 128GB,6.0,16.0,,4500.0,24999.0
14x 5G 128GB,6.0,16.0,,5500.0,24999.0
Moto G62 5G 256GB,6.0,16.0,50.0,5000.0,24999.0
K9 5G 256GB,8.0,32.0,,4300.0,24999.0
K9 Pro 5G 128GB,8.0,16.0,,4500.0,24999.0
Pova 5 256GB,8.0,16.0,50.0,6000.0,24999.0
Galaxy A24 256GB,6.0,13.0,,5000.0,24999.0
13+ 5G 256GB,8.0,16.0,,5000.0,24999.0
X9 Plus 128GB,6.0,,16.0,4000.0,24999.0
X6 Pro 256GB,8.0,20.0,108.0,5000.0,24999.0
Moto G Stylus 128GB,6.0,16.0,50.0,5000.0,24999.0
Spark 20 Pro 5G 256GB,8.0,32.0,50.0,5200.0,24999.0
V23e 256GB,8.0,50.0,64.0,4050.0,24999.0
K11 256GB,12.0,16.0,,5000.0,24999.0
Moto G82 5G 128GB,6.0,16.0,50.0,5000.0,24999.0
X21 128GB,6.0,12.0,12.0,3200.0,24990.0
S1 Pro 256GB,6.0,32.0,48.0,4500.0,24990.0
OnePlus Nord CE 2 128GB,8.0,16.0,,4500.0,23999.0
Galaxy F54 128GB,8.0,32.0,,6000.0,23999.0
Galaxy M54 128GB,8.0,32.0,,6000.0,23999.0
Note 40X 5G,8.0,32.0,108.0,5200.0,23999.0
Pad 5G 128GB,8.0,8.0,8.0,10000.0,23999.0
Y100 256GB,8.0,16.0,64.0,4500.0,22999.0
Reno3 5G 128GB,8.0,32.0,,4025.0,22999.0
OnePlus Nord CE 3 128GB,8.0,16.0,,5000.0,22999.0
30S,6.0,16.0,64.0,4000.0,22999.0
G84 5G 256GB,12.0,16.0,50.0,5000.0,22999.0
Z3 64GB,6.0,12.0,16.0,3315.0,22999.0
Pova 6 Neo 256GB,8.0,16.0,50.0,6000.0,22999.0
K9 5G 128GB,8.0,32.0,,4300.0,22999.0
Moto G45 128GB,6.0,16.0,50.0,5000.0,22999.0
P1 Pro 5G 128GB,8.0,16.0,,5200.0,22999.0
A40 256GB,6.0,5.0,50.0,5100.0,22999.0
Galaxy Tab A9+ 128GB,8.0,5.0,8.0,7040.0,22999.0
G400 128GB,6.0,16.0,48.0,5000.0,22999.0
Moto G35 256GB,8.0,16.0,50.0,5000.0,22999.0
One Vision 3 256GB,8.0,25.0,48.0,3500.0,22999.0
13+ 5G 128GB,8.0,16.0,,5000.0,22999.0
K10 5G 256GB,12.0,16.0,,5000.0,22999.0
X30i,6.0,16.0,48.0,4000.0,22999.0
X5 Pro 128GB,6.0,16.0,108.0,5000.0,22999.0
X20 SE,6.0,16.0,64.0,4000.0,22999.0
X40i,6.0,8.0,50.0,4000.0,22999.0
Note 40 Pro,12.0,32.0,108.0,5000.0,22999.0
OnePlus Nord 1 128GB,6.0,16.0,,4115.0,22999.0
TechLife Pad Neo 128GB,6.0,8.0,8.0,7200.0,22999.0
Pad X9,6.0,5.0,8.0,7250.0,22999.0
X7 128GB,6.0,16.0,64.0,5000.0,22999.0
Galaxy A34 128GB,6.0,13.0,,5000.0,22999.0
V5 Plus 64GB,4.0,,16.0,3055.0,22999.0
Z1 Pro 128GB,6.0,16.0,16.0,4500.0,22990.0
V15 128GB,6.0,32.0,48.0,4000.0,22990.0
Galaxy C7 Pro 64GB,4.0,16.0,16.0,3300.0,22990.0
T1 5G 256GB,8.0,16.0,50.0,5000.0,21999.0
Narzo 70 Turbo 5G 256GB,8.0,16.0,,5000.0,21999.0
Redmi Note 14 5G 128GB,6.0,16.0,,5000.0,21999.0
K7 5G 256GB,8.0,32.0,,4025.0,21999.0
Y75 5G 128GB,8.0,16.0,50.0,5000.0,21999.0
Moto G Stylus 64GB,4.0,16.0,50.0,5000.0,21999.0
P1 Speed 5G 256GB,12.0,16.0,,5100.0,21999.0
Pad Slim 128GB,6.0,8.0,8.0,7100.0,21999.0
K11 128GB,8.0,16.0,,5000.0,21999.0
Xpad,6.0,8.0,13.0,7000.0,21999.0
Galaxy F34 256GB,6.0,13.0,,6000.0,21999.0
Play 4,6.0,16.0,64.0,4300.0,21999.0
Galaxy A14 256GB,4.0,13.0,,5000.0,21999.0
X60i,6.0,8.0,100.0,4500.0,21999.0
X6 128GB,6.0,16.0,64.0,5000.0,21999.0
X3 GT 128GB,6.0,16.0,64.0,5000.0,21999.0
Redmi Note 14 4G 256GB,6.0,16.0,,5000.0,21999.0
X50i,6.0,8.0,100.0,4500.0,21999.0
X21 64GB,4.0,12.0,12.0,3200.0,21990.0
Z5 Pro 64GB,6.0,16.0,16.0,3350.0,21400.0
Pad 2 Lite 128GB,6.0,8.0,8.0,7100.0,20999.0
Galaxy M34 256GB,6.0,13.0,,6000.0,20999.0
TechLife Pad Neo 64GB,4.0,8.0,8.0,7200.0,20999.0
Note 60 256GB,8.0,16.0,,5200.0,20999.0
V23e 128GB,8.0,50.0,64.0,4050.0,20999.0
13 5G 256GB,8.0,16.0,,5000.0,20999.0
K11x 256GB,12.0,16.0,,5000.0,20000.0
Moto G62 5G 128GB,4.0,16.0,50.0,5000.0,19999.0
Narzo 70 Turbo 5G 128GB,8.0,16.0,,5000.0,19999.0
Zero 8 128GB,8.0,48.0,64.0,4500.0,19999.0
One Vision 3 128GB,6.0,25.0,48.0,3500.0,19999.0
A40 128GB,4.0,5.0,50.0,5100.0,19999.0
G84 5G 128GB,8.0,16.0,50.0,5000.0,19999.0
Y100 128GB,8.0,16.0,64.0,4500.0,19999.0
OnePlus Nord CE 2 Lite 128GB,6.0,16.0,,5000.0,19999.0
OnePlus Nord N10 5G 128GB,6.0,16.0,,4300.0,19999.0
K10 5G 128GB,8.0,16.0,,5000.0,19999.0
Pad 7,4.0,2.0,5.0,5100.0,19999.0
Pad 64GB,4.0,8.0,8.0,7100.0,19999.0
K7 5G 128GB,8.0,32.0,,4025.0,19999.0
Galaxy A24 128GB,6.0,13.0,,5000.0,19999.0
V9 64GB,4.0,24.0,16.0,3260.0,19999.0
X10,6.0,16.0,40.0,4300.0,19999.0
Play 5,8.0,16.0,64.0,3800.0,19999.0
Spark 20 Pro+ 256GB,8.0,32.0,50.0,5200.0,19999.0
Spark 30 Pro 256GB,8.0,32.0,50.0,5200.0,19999.0
Moto G Power 128GB,6.0,16.0,50.0,5000.0,19999.0
Note 40 5G,8.0,32.0,108.0,5200.0,19999.0
P1 Speed 5G 128GB,8.0,16.0,,5100.0,19999.0
S1 Pro 128GB,6.0,32.0,48.0,4500.0,19990.0
Galaxy C5 32GB,4.0,8.0,16.0,2600.0,19990.0
Pad Slim 64GB,4.0,8.0,8.0,7100.0,19499.0
Narzo 70 5G 128GB,8.0,16.0,,5200.0,19499.0
A58 5G 256GB,8.0,8.0,,5000.0,19000.0
X4 Pro 5G 128GB,6.0,16.0,108.0,5000.0,18999.0
X3 Pro 128GB,6.0,20.0,48.0,5160.0,18999.0
X5 128GB,6.0,13.0,48.0,5000.0,18999.0
Moto G35 128GB,4.0,16.0,50.0,5000.0,18999.0
Galaxy F34 128GB,6.0,13.0,,6000.0,18999.0
P1 5G 256GB,8.0,16.0,,5000.0,18999.0
13 5G 128GB,6.0,16.0,,5000.0,18999.0
Redmi Note 14 4G 128GB,4.0,16.0,,5000.0,18999.0
G42 5G 128GB,4.0,8.0,50.0,5000.0,18999.0
Hot 50 5G,8.0,16.0,50.0,5200.0,18999.0
Pad 2 Lite 64GB,4.0,8.0,8.0,7100.0,18999.0
T2 Series 256GB,8.0,16.0,64.0,4500.0,18999.0
Note 60 128GB,6.0,16.0,,5200.0,18999.0
Z1 Pro 64GB,4.0,16.0,16.0,4500.0,18990.0
Galaxy J7 Pro 64GB,3.0,13.0,13.0,3600.0,18990.0
K10x 256GB,8.0,16.0,,5000.0,18990.0
Galaxy J8 64GB,4.0,16.0,,3500.0,18990.0
Galaxy A04 128GB,4.0,5.0,,5000.0,18499.0
Galaxy A14 128GB,4.0,13.0,,5000.0,18499.0
K11x 128GB,8.0,16.0,,5000.0,18000.0
Galaxy F14 256GB,4.0,13.0,,6000.0,17999.0
Galaxy M14 256GB,4.0,13.0,,6000.0,17999.0
Galaxy M34 128GB,6.0,13.0,,6000.0,17999.0
Moto G Power 64GB,4.0,16.0,50.0,5000.0,17999.0
K9x 256GB,8.0,16.0,,5000.0,17999.0
T1 5G 128GB,6.0,16.0,50.0,5000.0,17999.0
Hot 50 Pro,8.0,16.0,50.0,5000.0,17999.0
Pad 6,4.0,2.0,5.0,5100.0,17999.0
Zero 8i 128GB,8.0,16.0,48.0,4500.0,17999.0
Hot 30 5G 128GB,8.0,8.0,50.0,5000.0,17999.0
OnePlus Nord CE 3 Lite 128GB,8.0,16.0,108.0,5000.0,17999.0
Y33s 128GB,8.0,16.0,50.0,5000.0,17999.0
Note 40,8.0,32.0,108.0,5000.0,17999.0
Narzo N65 5G 128GB,8.0,16.0,,5000.0,17999.0
T21,4.0,8.0,8.0,8200.0,17999.0
Galaxy Tab A8 64GB,4.0,5.0,8.0,7040.0,17999.0
Note 60x 128GB,6.0,16.0,,5200.0,17999.0
Pad Mini 64GB,4.0,5.0,8.0,6400.0,17999.0
Galaxy Xcover 5 64GB,4.0,5.0,16.0,3000.0,17499.0
Note 40S,8.0,32.0,50.0,5000.0,16999.0
Y95 64GB,4.0,20.0,,4030.0,16999.0
Moto G42 128GB,4.0,16.0,50.0,5000.0,16999.0
Spark 30 5G 128GB,6.0,16.0,50.0,5000.0,16999.0
Pad X8,4.0,2.0,5.0,5100.0,16999.0
Pad X8 Pro,4.0,2.0,5.0,5100.0,16999.0
Galaxy Tab A9 64GB,4.0,2.0,8.0,5100.0,16999.0
X3 NFC 128GB,6.0,20.0,64.0,5160.0,16999.0
A59 5G 256GB,8.0,8.0,,5000.0,16999.0
C55 256GB,8.0,8.0,,5000.0,16999.0
OnePlus Nord N30 5G 128GB,8.0,16.0,,5000.0,16999.0
Play 6T,6.0,5.0,13.0,5000.0,16999.0
X5Max 16GB,2.0,5.0,13.0,2300.0,16999.0
Hot 20 5G 128GB,6.0,8.0,50.0,5000.0,16999.0
P1 5G 128GB,6.0,16.0,,5000.0,16999.0
Redmi 14C 5G 128GB,6.0,8.0,,5000.0,16999.0
Y53s 128GB,6.0,16.0,64.0,5000.0,16999.0
C67 256GB,8.0,8.0,,5000.0,16999.0
K10x 128GB,6.0,16.0,,5000.0,16990.0
T2 Series 128GB,8.0,16.0,64.0,4500.0,15999.0
Note 50 128GB,6.0,16.0,,5000.0,15999.0
A57 5G 128GB,6.0,8.0,,5000.0,15999.0
Note 8 128GB,6.0,16.0,64.0,5200.0,15999.0
C75 256GB,8.0,8.0,,5000.0,15999.0
Pad Mini 32GB,3.0,5.0,8.0,6400.0,15999.0
K10 Note 128GB,6.0,16.0,16.0,4050.0,15999.0
K9x 128GB,6.0,16.0,,5000.0,15999.0
M7 5G 128GB,6.0,8.0,50.0,5110.0,15999.0
9X Lite,4.0,8.0,48.0,3750.0,15999.0
C65 256GB,8.0,8.0,,5000.0,15999.0
OnePlus Nord N200 64GB,4.0,16.0,,5000.0,15999.0
Galaxy J6+ 64GB,4.0,8.0,,3300.0,15999.0
A54 5G 128GB,6.0,16.0,,5000.0,15999.0
Galaxy M04 128GB,4.0,5.0,,5000.0,15999.0
Galaxy M14 128GB,4.0,13.0,,6000.0,14999.0
A56 5G 128GB,6.0,8.0,,5000.0,14999.0
A59 5G 128GB,6.0,8.0,,5000.0,14999.0
Spark 30C 5G 128GB,6.0,16.0,50.0,5000.0,14999.0
Spark 20 Pro 128GB,6.0,16.0,50.0,5000.0,14999.0
Pad X6,3.0,2.0,5.0,5100.0,14999.0
M4 Pro 128GB,6.0,16.0,64.0,5000.0,14999.0
Hot 40 Pro,8.0,32.0,108.0,5000.0,14999.0
Y66 32GB,3.0,16.0,13.0,3000.0,14999.0
Galaxy A04 64GB,4.0,5.0,,5000.0,14999.0
Xpad Lite,4.0,5.0,8.0,6000.0,14999.0
Play 5T,6.0,8.0,13.0,5000.0,14999.0
Play 7T,6.0,5.0,13.0,5200.0,14999.0
Galaxy F14 128GB,4.0,13.0,,6000.0,14999.0
K13 Pro 128GB,6.0,16.0,64.0,5000.0,14999.0
M4 Pro 5G 128GB,4.0,16.0,50.0,5000.0,14999.0
C67 128GB,6.0,8.0,,5000.0,14999.0
Narzo N61 128GB,6.0,16.0,,5000.0,14999.0
Hot 50,6.0,8.0,50.0,5000.0,14999.0
Redmi 14C 5G 64GB,4.0,8.0,,5000.0,14999.0
Moto G32 128GB,4.0,16.0,50.0,5000.0,14999.0
K7x 128GB,6.0,16.0,,5000.0,14999.0
Y33s 64GB,4.0,16.0,50.0,5000.0,14999.0
Hot 20s 128GB,8.0,8.0,50.0,5000.0,14999.0
M6 Pro 128GB,6.0,8.0,50.0,5000.0,14999.0
C55 128GB,6.0,8.0,,5000.0,14999.0
Y30 128GB,4.0,8.0,13.0,5000.0,14990.0
G20 128GB,4.0,8.0,48.0,5050.0,13999.0
Narzo N63 128GB,6.0,16.0,,5000.0,13999.0
C75 128GB,6.0,8.0,,5000.0,13999.0
C65 128GB,6.0,8.0,,5000.0,13999.0
M5s 128GB,4.0,13.0,64.0,5000.0,13999.0
Y53s 64GB,6.0,16.0,64.0,5000.0,13999.0
G21 128GB,6.0,8.0,50.0,5050.0,13999.0
Moto E14 128GB,4.0,8.0,13.0,5000.0,13999.0
10X Lite,4.0,8.0,48.0,5000.0,13999.0
Moto E40 Plus 128GB,6.0,8.0,48.0,5000.0,13999.0
Play 8T,6.0,5.0,50.0,5200.0,13999.0
Play 9T,6.0,5.0,50.0,5200.0,13999.0
K10 Note 64GB,4.0,16.0,16.0,4050.0,13999.0
M3 Pro 5G 64GB,4.0,8.0,48.0,5000.0,13999.0
M2 Pro 64GB,4.0,16.0,48.0,5000.0,13999.0
Spark 20P 128GB,4.0,16.0,50.0,5000.0,13999.0
V3 Max 32GB,4.0,8.0,13.0,3000.0,13999.0
A55 5G 128GB,6.0,8.0,,5000.0,13999.0
Y12s 128GB,4.0,8.0,13.0,5000.0,13990.0
C63 128GB,6.0,8.0,,5000.0,13499.0
Y11 64GB,3.0,8.0,13.0,5000.0,13490.0
A53 5G 128GB,4.0,8.0,,4040.0,12999.0
Moto G22 64GB,4.0,16.0,50.0,5000.0,12999.0
Note 8i 128GB,6.0,8.0,48.0,5200.0,12999.0
Hot 12 Pro 128GB,8.0,8.0,50.0,5000.0,12999.0
M6 64GB,4.0,8.0,50.0,5000.0,12999.0
Y81 32GB,3.0,5.0,13.0,3260.0,12999.0
Hot 11s 128GB,6.0,8.0,50.0,5000.0,12999.0
Play 6,6.0,5.0,13.0,5000.0,12999.0
K14 Plus 128GB,6.0,8.0,48.0,5000.0,12999.0
Y21 128GB,4.0,8.0,13.0,5000.0,12999.0
OnePlus Nord N100 64GB,4.0,8.0,,5000.0,12999.0
OnePlus Nord N100 5G 64GB,4.0,8.0,,5000.0,12999.0
Pad X8a,4.0,2.0,5.0,5000.0,12999.0
Hot 20 128GB,6.0,8.0,50.0,5000.0,12999.0
Spark 30 128GB,4.0,16.0,50.0,5000.0,12999.0
Galaxy M04 64GB,4.0,5.0,,5000.0,12999.0
Pad X8 Lite,3.0,2.0,5.0,5000.0,12999.0
Spark 20 128GB,4.0,16.0,50.0,5000.0,12999.0
Hot 30 128GB,8.0,8.0,50.0,5000.0,12499.0
G20 64GB,4.0,8.0,48.0,5050.0,12499.0
Hot 40,8.0,32.0,50.0,5000.0,12499.0
M5 128GB,4.0,5.0,50.0,5000.0,12499.0
Play 7,4.0,5.0,13.0,5200.0,12499.0
Hot 10S NFC 128GB,6.0,8.0,48.0,6000.0,12499.0
Hot 50i,4.0,8.0,50.0,5000.0,12499.0
Moto E40 Plus 64GB,4.0,8.0,48.0,5000.0,11999.0
Moto E32s 64GB,3.0,8.0,16.0,5000.0,11999.0
Hot 30 Play 128GB,4.0,8.0,16.0,6000.0,11999.0
C61 128GB,4.0,8.0,,5000.0,11999.0
Galaxy Tab A7 Lite 32GB,3.0,2.0,8.0,5100.0,11999.0
Moto G Play 64GB,4.0,5.0,13.0,5000.0,11999.0
Spark 20C 128GB,4.0,16.0,50.0,5000.0,11999.0
K13 Note 64GB,4.0,8.0,48.0,5000.0,11999.0
A52 5G 128GB,4.0,8.0,,4000.0,11999.0
Spark 30C 128GB,4.0,16.0,50.0,5000.0,11999.0
G21 64GB,4.0,8.0,50.0,5050.0,11999.0
Moto E14 64GB,4.0,8.0,13.0,5000.0,11999.0
Hot 10S 128GB,6.0,8.0,48.0,6000.0,11999.0
Y30 64GB,3.0,8.0,13.0,5000.0,11990.0
Hot 11 Play 128GB,4.0,8.0,13.0,6000.0,11499.0
Play 9,4.0,5.0,13.0,5000.0,11499.0
Hot 12 128GB,6.0,8.0,13.0,5000.0,11499.0
Hot 30i NFC 128GB,4.0,8.0,13.0,5000.0,11499.0
Play 8,4.0,5.0,13.0,5000.0,11499.0
M3 64GB,4.0,8.0,48.0,6000.0,10999.0
C32 128GB,4.0,8.0,50.0,5000.0,10999.0
A51 5G 128GB,4.0,8.0,,4000.0,10999.0
Pad X8a Kids Edition,3.0,2.0,5.0,5100.0,10999.0
X3S 16GB,1.0,5.0,13.0,2000.0,10999.0
Hot 10 128GB,4.0,8.0,16.0,5200.0,10999.0
C65 64GB,4.0,5.0,50.0,5000.0,10999.0
Moto E22 64GB,4.0,5.0,16.0,4020.0,10999.0
Y11 32GB,3.0,8.0,13.0,5000.0,10999.0
Hot 20 Play 128GB,4.0,8.0,13.0,6000.0,10999.0
K10 Plus 64GB,4.0,16.0,13.0,4050.0,10999.0
Hot 40i,4.0,8.0,13.0,5000.0,10999.0
K14 Plus 64GB,4.0,8.0,48.0,5000.0,10999.0
Hot 30i 128GB,4.0,8.0,13.0,5000.0,10999.0
Hot 11 128GB,4.0,8.0,13.0,5200.0,10999.0
Y12s 64GB,3.0,8.0,13.0,5000.0,10990.0
Hot 12 Play 128GB,4.0,8.0,13.0,6000.0,10499.0
Hot 10T 128GB,4.0,8.0,48.0,5000.0,10499.0
Moto E22i 32GB,2.0,5.0,16.0,4020.0,9999.0
C32 64GB,3.0,8.0,50.0,5000.0,9999.0
Y21 64GB,4.0,8.0,13.0,5000.0,9999.0
Moto G Play 32GB,3.0,5.0,13.0,5000.0,9999.0
Spark Go 1S 64GB,4.0,8.0,13.0,5000.0,9999.0
A50 5G 128GB,4.0,8.0,,4000.0,9999.0
A6 Note 32GB,3.0,5.0,13.0,4000.0,9999.0
Galaxy Tab E 10.1 16GB,1.5,2.0,5.0,5000.0,9999.0
Hot 12i 64GB,4.0,8.0,13.0,5000.0,9999.0
Galaxy J4 16GB,2.0,5.0,13.0,3000.0,9990.0
Hot 10 Play 64GB,4.0,8.0,13.0,6000.0,9499.0
C22 128GB,3.0,8.0,13.0,5000.0,9499.0
Hot 20i 64GB,4.0,8.0,13.0,5000.0,9499.0
A49 5G 128GB,4.0,8.0,,4000.0,8999.0
C22 64GB,2.0,8.0,13.0,5000.0,8499.0
Galaxy Tab E 8.0 16GB,1.5,2.0,5.0,5000.0,8499.0
Hot 10 Lite 64GB,3.0,8.0,13.0,5000.0,7999.0
Spark Go 1 64GB,3.0,5.0,8.0,5000.0,7499.0
K13 32GB,2.0,5.0,13.0,5000.0,7499.0
Smart 5 64GB,3.0,8.0,13.0,5000.0,7499.0
Spark Go 2024 64GB,3.0,5.0,8.0,5000.0,7499.0
Pop 9 4G 64GB,3.0,5.0,8.0,5000.0,7499.0
Pop 8 64GB,3.0,5.0,8.0,5000.0,6999.0
Pop 9 64GB,3.0,5.0,8.0,5000.0,6999.0
Smart HD 32GB,2.0,5.0,8.0,5000.0,5999.0
